username,post_time,message
me_wang,2022-07-23 12:48,We all know who did it #lockhimup
tut_the_gut,2022-07-14 4:00:34,Gosh I am pretty!
tut_the_gut,2022-07-22 18:20:34,How can I get rid of a dead cat?
humphrey_dumpty,2022-07-22 18:02:34,My brother is an annoying narcissist
mw,2022-07-23 11:34:34,#freetut
frank,2022-07-11 10:00:00,"Graham, WHERE ARE YOU???!!!"
tut_the_gut,2022-07-12 5:12:20,What is your philisophical argument on the simplecomplexities of philogeny?
tut_the_gut,2022-07-23 5:45:59,On my way to prison #noregrets
cat_god,2022-07-10 8:45:00,"Cat church need more donations to purchase a betafish tank for entertainment, Amen"
cat_god,2022-07-23 2:30:03,Has anyone seen brother Humphrey?